ProductID,ProductName,TotalStock
103,Keyboard,656
101,Acer Laptop,497
110,8 GB RAM 2400,349
111,8 GB RAM 4800,194
100,4 GB RAM 2400,213
107,Monitor 21,292
106,Monitor 19,654
105,Monitor 17,209
102,Mouse,39
120,Mouse Flexi,316
114,16 GB RAM 4800,271
108,Monitor 17,186
113,16 GB RAM 2400,439
104,Monitor 15,149
115,128 GB SSD,239
109,250 GB SSD,411
119,Keyboard Color,407
112,500 GB HDD,225
118,Dell Laptop,323
116,4 GB RAM 4800,325
117,HP Laptop,550
